﻿<?xml version="1.0" encoding="utf-8"?>
<abapGit version="v1.0.0" serializer="LCL_OBJECT_DTEL" serializer_version="v1.0.0">
 <asx:abap xmlns:asx="http://www.sap.com/abapxml" version="1.0">
  <asx:values>
   <DD04V>
    <ROLLNAME>ZDCPNAME_PAR_05</ROLLNAME>
    <DDLANGUAGE>E</DDLANGUAGE>
    <HEADLEN>55</HEADLEN>
    <SCRLEN1>10</SCRLEN1>
    <SCRLEN2>20</SCRLEN2>
    <SCRLEN3>40</SCRLEN3>
    <DDTEXT>OutputRequestItem</DDTEXT>
    <REPTEXT>OutputRequestItem</REPTEXT>
    <SCRTEXT_S>OutputRequ</SCRTEXT_S>
    <SCRTEXT_M>OutputRequestItem</SCRTEXT_M>
    <SCRTEXT_L>OutputRequestItem</SCRTEXT_L>
    <DTELMASTER>E</DTELMASTER>
    <DATATYPE>CHAR</DATATYPE>
    <LENG>000030</LENG>
    <OUTPUTLEN>000030</OUTPUTLEN>
   </DD04V>
  </asx:values>
 </asx:abap>
</abapGit>
