﻿<?xml version="1.0" encoding="utf-8"?>
<abapGit version="v1.0.0" serializer="LCL_OBJECT_VIEW" serializer_version="v1.0.0">
 <asx:abap xmlns:asx="http://www.sap.com/abapxml" version="1.0">
  <asx:values>
   <DD25V>
    <VIEWNAME>ZFP_FORMS_MV</VIEWNAME>
    <AS4LOCAL>A</AS4LOCAL>
    <DDLANGUAGE>E</DDLANGUAGE>
    <AGGTYPE>V</AGGTYPE>
    <ROOTTAB>ZFP_PDF_FORM</ROOTTAB>
    <DDTEXT>MV for Custom FDP configuration</DDTEXT>
    <VIEWCLASS>C</VIEWCLASS>
    <CUSTOMAUTH>C</CUSTOMAUTH>
    <GLOBALFLAG>X</GLOBALFLAG>
   </DD25V>
   <DD26V_TABLE>
    <DD26V>
     <VIEWNAME>ZFP_FORMS_MV</VIEWNAME>
     <TABNAME>ZFP_PDF_FORM</TABNAME>
     <TABPOS>0001</TABPOS>
     <FORTABNAME>ZFP_PDF_FORM</FORTABNAME>
    </DD26V>
    <DD26V>
     <VIEWNAME>ZFP_FORMS_MV</VIEWNAME>
     <TABNAME>ZFP_IT_M_KEY</TABNAME>
     <TABPOS>0002</TABPOS>
     <FORTABNAME>ZFP_PDF_FORM</FORTABNAME>
     <FORFIELD>IV_OBJECT_TYPE</FORFIELD>
     <FORDIR>E</FORDIR>
    </DD26V>
   </DD26V_TABLE>
   <DD27P_TABLE>
    <DD27P>
     <VIEWFIELD>IV_OBJECT_TYPE</VIEWFIELD>
     <TABNAME>ZFP_PDF_FORM</TABNAME>
     <FIELDNAME>IV_OBJECT_TYPE</FIELDNAME>
     <KEYFLAG>X</KEYFLAG>
     <CHECKTABLE>ZFP_IT_M_KEY</CHECKTABLE>
     <SHLPORIGIN>P</SHLPORIGIN>
    </DD27P>
    <DD27P>
     <VIEWFIELD>IV_VERSION_NR</VIEWFIELD>
     <TABNAME>ZFP_PDF_FORM</TABNAME>
     <FIELDNAME>IV_VERSION_NR</FIELDNAME>
     <KEYFLAG>X</KEYFLAG>
    </DD27P>
    <DD27P>
     <VIEWFIELD>MASTER_FORM</VIEWFIELD>
     <TABNAME>ZFP_PDF_FORM</TABNAME>
     <FIELDNAME>MASTER_FORM</FIELDNAME>
    </DD27P>
    <DD27P>
     <VIEWFIELD>CONTENT_FORM</VIEWFIELD>
     <TABNAME>ZFP_PDF_FORM</TABNAME>
     <FIELDNAME>CONTENT_FORM</FIELDNAME>
    </DD27P>
    <DD27P>
     <VIEWFIELD>NAME_PAR_01</VIEWFIELD>
     <TABNAME>ZFP_IT_M_KEY</TABNAME>
     <FIELDNAME>NAME_PAR_01</FIELDNAME>
    </DD27P>
    <DD27P>
     <VIEWFIELD>NAME_PAR_02</VIEWFIELD>
     <TABNAME>ZFP_IT_M_KEY</TABNAME>
     <FIELDNAME>NAME_PAR_02</FIELDNAME>
    </DD27P>
    <DD27P>
     <VIEWFIELD>NAME_PAR_03</VIEWFIELD>
     <TABNAME>ZFP_IT_M_KEY</TABNAME>
     <FIELDNAME>NAME_PAR_03</FIELDNAME>
    </DD27P>
    <DD27P>
     <VIEWFIELD>NAME_PAR_04</VIEWFIELD>
     <TABNAME>ZFP_IT_M_KEY</TABNAME>
     <FIELDNAME>NAME_PAR_04</FIELDNAME>
    </DD27P>
    <DD27P>
     <VIEWFIELD>NAME_PAR_05</VIEWFIELD>
     <TABNAME>ZFP_IT_M_KEY</TABNAME>
     <FIELDNAME>NAME_PAR_05</FIELDNAME>
    </DD27P>
    <DD27P>
     <VIEWFIELD>NAME_PAR_06</VIEWFIELD>
     <TABNAME>ZFP_IT_M_KEY</TABNAME>
     <FIELDNAME>NAME_PAR_06</FIELDNAME>
    </DD27P>
    <DD27P>
     <VIEWFIELD>NAME_PAR_07</VIEWFIELD>
     <TABNAME>ZFP_IT_M_KEY</TABNAME>
     <FIELDNAME>NAME_PAR_07</FIELDNAME>
    </DD27P>
    <DD27P>
     <VIEWFIELD>NAME_PAR_08</VIEWFIELD>
     <TABNAME>ZFP_IT_M_KEY</TABNAME>
     <FIELDNAME>NAME_PAR_08</FIELDNAME>
    </DD27P>
    <DD27P>
     <VIEWFIELD>NAME_PAR_09</VIEWFIELD>
     <TABNAME>ZFP_IT_M_KEY</TABNAME>
     <FIELDNAME>NAME_PAR_09</FIELDNAME>
    </DD27P>
    <DD27P>
     <VIEWFIELD>NAME_PAR_10</VIEWFIELD>
     <TABNAME>ZFP_IT_M_KEY</TABNAME>
     <FIELDNAME>NAME_PAR_10</FIELDNAME>
    </DD27P>
    <DD27P>
     <VIEWFIELD>NAME_PAR_11</VIEWFIELD>
     <TABNAME>ZFP_IT_M_KEY</TABNAME>
     <FIELDNAME>NAME_PAR_11</FIELDNAME>
    </DD27P>
    <DD27P>
     <VIEWFIELD>NAME_PAR_12</VIEWFIELD>
     <TABNAME>ZFP_IT_M_KEY</TABNAME>
     <FIELDNAME>NAME_PAR_12</FIELDNAME>
    </DD27P>
    <DD27P>
     <VIEWFIELD>NAME_PAR_13</VIEWFIELD>
     <TABNAME>ZFP_IT_M_KEY</TABNAME>
     <FIELDNAME>NAME_PAR_13</FIELDNAME>
    </DD27P>
    <DD27P>
     <VIEWFIELD>NAME_PAR_14</VIEWFIELD>
     <TABNAME>ZFP_IT_M_KEY</TABNAME>
     <FIELDNAME>NAME_PAR_14</FIELDNAME>
    </DD27P>
   </DD27P_TABLE>
   <DD28J_TABLE>
    <DD28J>
     <VIEWNAME>ZFP_FORMS_MV</VIEWNAME>
     <LTAB>ZFP_IT_M_KEY</LTAB>
     <LFIELD>IV_OBJECT_TYPE</LFIELD>
     <OPERATOR>EQ</OPERATOR>
     <RTAB>ZFP_PDF_FORM</RTAB>
     <RFIELD>IV_OBJECT_TYPE</RFIELD>
     <SOURCE>F</SOURCE>
     <FRKTAB>ZFP_PDF_FORM</FRKTAB>
     <FRKFIELD>IV_OBJECT_TYPE</FRKFIELD>
     <FRKDIR>E</FRKDIR>
    </DD28J>
   </DD28J_TABLE>
  </asx:values>
 </asx:abap>
</abapGit>
