﻿<?xml version="1.0" encoding="utf-8"?>
<abapGit version="v1.0.0" serializer="LCL_OBJECT_TABL" serializer_version="v1.0.0">
 <asx:abap xmlns:asx="http://www.sap.com/abapxml" version="1.0">
  <asx:values>
   <DD02V>
    <TABNAME>ZFP_PDF_FORM</TABNAME>
    <DDLANGUAGE>E</DDLANGUAGE>
    <TABCLASS>TRANSP</TABCLASS>
    <DDTEXT>PDF form assigned to Application Object Type</DDTEXT>
    <MAINFLAG>X</MAINFLAG>
    <CONTFLAG>C</CONTFLAG>
    <EXCLASS>1</EXCLASS>
   </DD02V>
   <DD09L>
    <TABNAME>ZFP_PDF_FORM</TABNAME>
    <AS4LOCAL>A</AS4LOCAL>
    <TABKAT>0</TABKAT>
    <TABART>APPL0</TABART>
    <BUFALLOW>N</BUFALLOW>
   </DD09L>
   <DD03P_TABLE>
    <DD03P>
     <FIELDNAME>IV_OBJECT_TYPE</FIELDNAME>
     <KEYFLAG>X</KEYFLAG>
     <ROLLNAME>APOC_APPL_OBJECT_TYPE</ROLLNAME>
     <CHECKTABLE>ZFP_IT_M_KEY</CHECKTABLE>
     <ADMINFIELD>0</ADMINFIELD>
     <NOTNULL>X</NOTNULL>
     <SHLPORIGIN>P</SHLPORIGIN>
     <COMPTYPE>E</COMPTYPE>
    </DD03P>
    <DD03P>
     <FIELDNAME>IV_VERSION_NR</FIELDNAME>
     <KEYFLAG>X</KEYFLAG>
     <ROLLNAME>VERSNR_KK</ROLLNAME>
     <ADMINFIELD>0</ADMINFIELD>
     <NOTNULL>X</NOTNULL>
     <COMPTYPE>E</COMPTYPE>
    </DD03P>
    <DD03P>
     <FIELDNAME>MASTER_FORM</FIELDNAME>
     <ADMINFIELD>0</ADMINFIELD>
     <INTTYPE>C</INTTYPE>
     <INTLEN>000060</INTLEN>
     <DATATYPE>CHAR</DATATYPE>
     <LENG>000030</LENG>
     <MASK>  CHAR</MASK>
     <DDTEXT>Master Form</DDTEXT>
    </DD03P>
    <DD03P>
     <FIELDNAME>CONTENT_FORM</FIELDNAME>
     <ADMINFIELD>0</ADMINFIELD>
     <INTTYPE>C</INTTYPE>
     <INTLEN>000060</INTLEN>
     <DATATYPE>CHAR</DATATYPE>
     <LENG>000030</LENG>
     <MASK>  CHAR</MASK>
     <DDTEXT>Content Form</DDTEXT>
    </DD03P>
   </DD03P_TABLE>
   <DD05M_TABLE>
    <DD05M>
     <FIELDNAME>IV_OBJECT_TYPE</FIELDNAME>
     <FORTABLE>ZFP_PDF_FORM</FORTABLE>
     <FORKEY>IV_OBJECT_TYPE</FORKEY>
     <CHECKTABLE>ZFP_IT_M_KEY</CHECKTABLE>
     <CHECKFIELD>IV_OBJECT_TYPE</CHECKFIELD>
     <PRIMPOS>0001</PRIMPOS>
     <DOMNAME>APOC_APPL_OBJECT_TYPE</DOMNAME>
     <DATATYPE>CHAR</DATATYPE>
    </DD05M>
   </DD05M_TABLE>
   <DD08V_TABLE>
    <DD08V>
     <FIELDNAME>IV_OBJECT_TYPE</FIELDNAME>
     <CHECKTABLE>ZFP_IT_M_KEY</CHECKTABLE>
    </DD08V>
   </DD08V_TABLE>
  </asx:values>
 </asx:abap>
</abapGit>
