﻿<?xml version="1.0" encoding="utf-8"?>
<abapGit version="v1.0.0" serializer="LCL_OBJECT_FUGR" serializer_version="v1.0.0">
 <asx:abap xmlns:asx="http://www.sap.com/abapxml" version="1.0">
  <asx:values>
   <AREAT>Test</AREAT>
   <INCLUDES>
    <SOBJ_NAME>LZPRABHAF01</SOBJ_NAME>
    <SOBJ_NAME>LZPRABHATOP</SOBJ_NAME>
    <SOBJ_NAME>SAPLZPRABHA</SOBJ_NAME>
   </INCLUDES>
   <FUNCTIONS>
    <item>
     <FUNCNAME>ZGENERATE_PDF_XSTRING</FUNCNAME>
     <SHORT_TEXT>Generate PDF data(XSTRING) based on FDP(Form Data Provider Interface)</SHORT_TEXT>
     <IMPORT>
      <RSIMP>
       <PARAMETER>IV_OBJECT_TYPE</PARAMETER>
       <REFERENCE>X</REFERENCE>
       <TYP>STRING</TYP>
      </RSIMP>
      <RSIMP>
       <PARAMETER>IV_OBJECT_NR</PARAMETER>
       <REFERENCE>X</REFERENCE>
       <TYP>STRING</TYP>
      </RSIMP>
      <RSIMP>
       <PARAMETER>IV_VERSION_NR</PARAMETER>
       <REFERENCE>X</REFERENCE>
       <TYP>VERSNR_KK</TYP>
      </RSIMP>
      <RSIMP>
       <PARAMETER>IV_FYEAR</PARAMETER>
       <REFERENCE>X</REFERENCE>
       <TYP>/ACCGO/E_FISCAL_YEAR</TYP>
      </RSIMP>
      <RSIMP>
       <PARAMETER>IV_CC</PARAMETER>
       <REFERENCE>X</REFERENCE>
       <TYP>/ACCGO/E_COMPANYCODE_VH</TYP>
      </RSIMP>
     </IMPORT>
     <EXPORT>
      <RSEXP>
       <PARAMETER>EV_DOCUMENT_DATA</PARAMETER>
       <REFERENCE>X</REFERENCE>
       <TYP>XSTRING</TYP>
      </RSEXP>
      <RSEXP>
       <PARAMETER>EV_PAGES</PARAMETER>
       <REFERENCE>X</REFERENCE>
       <TYP>FPPAGECOUNT</TYP>
      </RSEXP>
      <RSEXP>
       <PARAMETER>EV_TRACE_STRING</PARAMETER>
       <REFERENCE>X</REFERENCE>
       <TYP>STRING</TYP>
      </RSEXP>
      <RSEXP>
       <PARAMETER>EV_STOP_PROCESSING</PARAMETER>
       <REFERENCE>X</REFERENCE>
       <TYP>ABAP_BOOL</TYP>
      </RSEXP>
      <RSEXP>
       <PARAMETER>EV_PDL_TYPE</PARAMETER>
       <REFERENCE>X</REFERENCE>
       <TYP>APOC_PDL_TYPE</TYP>
      </RSEXP>
      <RSEXP>
       <PARAMETER>ET_MESSAGE</PARAMETER>
       <REFERENCE>X</REFERENCE>
       <TYP>CL_SOMU_FORM_SERVICES=&gt;TY_GT_MESSAGE</TYP>
      </RSEXP>
     </EXPORT>
     <DOCUMENTATION>
      <RSFDO>
       <PARAMETER>IV_OBJECT_TYPE</PARAMETER>
       <KIND>P</KIND>
       <STEXT>PURCHASE_ORDER, BILLING_DOCUMENT, ..etc</STEXT>
      </RSFDO>
      <RSFDO>
       <PARAMETER>IV_OBJECT_NR</PARAMETER>
       <KIND>P</KIND>
      </RSFDO>
      <RSFDO>
       <PARAMETER>IV_VERSION_NR</PARAMETER>
       <KIND>P</KIND>
       <STEXT>General Flag</STEXT>
      </RSFDO>
      <RSFDO>
       <PARAMETER>IV_FYEAR</PARAMETER>
       <KIND>P</KIND>
       <STEXT>Fiscal Year</STEXT>
      </RSFDO>
      <RSFDO>
       <PARAMETER>IV_CC</PARAMETER>
       <KIND>P</KIND>
       <STEXT>Company Code for value help</STEXT>
      </RSFDO>
      <RSFDO>
       <PARAMETER>EV_DOCUMENT_DATA</PARAMETER>
       <KIND>P</KIND>
       <STEXT>Form Processing: Number of Pages Created</STEXT>
      </RSFDO>
      <RSFDO>
       <PARAMETER>EV_PAGES</PARAMETER>
       <KIND>P</KIND>
       <STEXT>Form Processing: Number of Pages Created</STEXT>
      </RSFDO>
      <RSFDO>
       <PARAMETER>EV_TRACE_STRING</PARAMETER>
       <KIND>P</KIND>
      </RSFDO>
      <RSFDO>
       <PARAMETER>EV_STOP_PROCESSING</PARAMETER>
       <KIND>P</KIND>
       <STEXT>Page description language</STEXT>
      </RSFDO>
      <RSFDO>
       <PARAMETER>EV_PDL_TYPE</PARAMETER>
       <KIND>P</KIND>
       <STEXT>Page description language</STEXT>
      </RSFDO>
      <RSFDO>
       <PARAMETER>ET_MESSAGE</PARAMETER>
       <KIND>P</KIND>
      </RSFDO>
     </DOCUMENTATION>
    </item>
   </FUNCTIONS>
  </asx:values>
 </asx:abap>
</abapGit>
